,word,tf
0,继电器,230
1,的,225
2,电流,193
3,电压,171
4,保护,132
5,控制,109
6,电缆,104
7,时间,102
8,装置,96
9,式,90
10,开关,79
11,绝缘,79
12,系统,71
13,母线,70
14,故障,69
15,加热,69
16,电路,68
17,连接器,67
18,电极,65
19,接地,64
20,变压器,61
21,设备,54
22,等离子体,54
23,元件,53
24,接触,52
25,连接,50
26,炉,50
27,特性,49
28,件,49
29,功率,48
30,和,48
31,测量,48
32,回路,48
33,信号,47
34,电源,47
35,输出,46
36,触点,46
37,电阻,45
38,断路器,45
39,电力,45
40,导体,45
41,动词,44
42,感应,43
43,电池,42
44,试验,42
45,器,41
46,辐射,41
47,仪表,39
48,线,39
49,图,38
50,不,38
51,可,38
52,负荷,37
53,隔离,36
54,阻抗,36
55,额定,36
56,型,36
57,运行,35
58,非,35
59,性,35
60,安全,35
61,电容,34
62,输入,34
63,电,34
64,变电站,33
65,系数,33
66,量,33
67,金属,33
68,负载,32
69,晶体管,32
70,最大,32
71,输电,31
72,互感器,31
73,网络,31
74,范围,31
75,线路,30
76,短路,30
77,避雷器,30
78,绝缘子,30
79,二极管,29
80,电弧炉,29
81,堆,29
82,绕组,28
83,与,28
84,工作,28
85,套管,28
86,气体,28
87,补偿,27
88,比,27
89,红外,27
90,率,26
91,自动,26
92,频率,26
93,释放,26
94,介质,26
95,放射性,26
96,温度,25
97,中子,25
98,电离室,25
99,三相,24
100,屏蔽,24
101,因数,24
102,自,23
103,焊接,23
104,接线,23
105,临界,23
106,表面,23
107,电力系统,22
108,交流,22
109,滤波器,22
110,相位,22
111,端,22
112,操作,22
113,充电,22
114,密封,22
115,接头,21
116,函数,21
117,响应,21
118,热,21
119,半导体,21
120,单位,21
121,发生器,21
122,脉冲,21
123,带,21
124,导电,21
125,防护,21
126,放电,21
127,电弧,21
128,电气,21
129,微波,21
130,高压,20
131,同步,20
132,功能,20
133,源,20
134,动作,20
135,放大器,20
136,反向,20
137,电感,20
138,蓄电池,20
139,容量,20
140,燃料,20
141,能力,20
142,监测仪,20
143,发电机,19
144,稳定,19
145,度,19
146,对称,19
147,线圈,19
148,差动,19
149,曲线,19
150,过,19
151,极化,19
152,联结,19
153,励磁,18
154,电容器,18
155,矩阵,18
156,测试,18
157,饱和,18
158,区,18
159,耦合,18
160,平衡,18
161,供电,18
162,端子,18
163,夹,18
164,转换,18
165,裂变,18
166,闸,17
167,固定,17
168,串联,17
169,终端,17
170,表,17
171,状态,17
172,地,17
173,直接,17
174,误差,17
175,效应,17
176,导线,17
177,连续,17
178,安装,17
179,压接,17
180,电抗器,16
181,电动机,16
182,分量,16
183,方向,16
184,增益,16
185,电子,16
186,分段,16
187,室,16
188,值,16
189,辅助,16
190,外壳,16
191,事故,16
192,区域,16
193,加热器,16
194,材料,16
195,层,16
196,发射器,16
197,损耗,15
198,极限,15
199,电位,15
200,理想,15
201,无,15
202,延时,15
203,跳闸,15
204,激励,15
205,对,15
206,主,15
207,或,15
208,外,15
209,单元,15
210,能,15
211,有效,15
212,计数管,15
213,质量,15
214,双,14
215,距离,14
216,谐波,14
217,器件,14
218,重合,14
219,箱,14
220,反应,14
221,空气,14
222,市场,14
223,形容词,14
224,记录仪,14
225,效率,14
226,开关设备,14
227,无功,13
228,直流,13
229,分析,13
230,配电,13
231,及,13
232,技术,13
233,相,13
234,转移,13
235,极,13
236,参数,13
237,合闸,13
238,切换,13
239,电价,13
240,泄漏,13
241,局部,13
242,内,13
243,密度,13
244,电能表,13
245,电热,13
246,粉尘,13
247,作用,13
248,恢复,13
249,霍尔,13
250,术语,13
251,感应器,13
252,炬,13
253,熔化,13
254,工具,13
255,能量,12
256,导纳,12
257,起动,12
258,启动,12
259,点,12
260,小,12
261,板,12
262,控制器,12
263,磁,12
264,复归,12
265,形,12
266,变量,12
267,扫描,12
268,机构,12
269,工艺,12
270,云母,12
271,坩埚,12
272,循环,12
273,长度,12
274,激光,12
275,等,12
276,指数,12
277,纸,12
278,气氛,12
279,低压,11
280,分,11
281,并联,11
282,功率因数,11
283,多,11
284,低电压,11
285,低,11
286,算法,11
287,周期,11
288,继电保护,11
289,瞬态,11
290,参考,11
291,光电,11
292,角,11
293,存储器,11
294,内部,11
295,数字,11
296,发电,11
297,制动,11
298,基准,11
299,顺序,11
300,灭弧,11
301,分离,11
302,管,11
303,有,11
304,间隔,11
305,检查,11
306,用,11
307,权,11
308,单,11
309,极板,11
310,油,11
311,触头,11
312,接端,11
313,基本,11
314,点燃,11
315,照射,11
316,系,11
317,液体,11
318,护套,11
319,部分,11
320,有功,10
321,暂态,10
322,电抗,10
323,波,10
324,振荡,10
325,法,10
326,按钮,10
327,阳极,10
328,门,10
329,触发,10
330,多相,10
331,插座,10
332,屏,10
333,冲击,10
334,积分,10
335,整定,10
336,定时,10
337,照明,10
338,引入,10
339,真空,10
340,灯,10
341,槽,10
342,间接,10
343,超声,10
344,剂量,10
345,注量,10
346,相对,10
347,核,10
348,标度,10
349,组件,10
350,环境,10
351,活度,10
352,指示器,10
353,灵敏度,10
354,闸流,10
355,仪器仪表,10
356,封闭,10
357,开断,10
358,关合,10
359,压,9
360,行波,9
361,可靠,9
362,过电压,9
363,配置,9
364,原理,9
365,总,9
366,中性点,9
367,速度,9
368,转换器,9
369,衰减,9
370,保持,9
371,零,9
372,间隙,9
373,计数,9
374,影响,9
375,最小,9
376,损失,9
377,联锁,9
378,测量仪,9
379,位移,9
380,互联,9
381,条件,9
382,寿命,9
383,户外,9
384,尺,9
385,耐久性,9
386,玻璃,9
387,电子束,9
388,闪烁,9
389,集成电路,9
390,压力,9
391,结构,9
392,空载,8
393,静态,8
394,机,8
395,三,8
396,零序,8
397,转子,8
398,馈线,8
399,显示,8
400,单相,8
401,最高,8
402,附加,8
403,变换,8
404,采样,8
405,备用,8
406,正弦,8
407,谐振,8
408,中间,8
409,正向,8
410,电阻器,8
411,反馈,8
412,整流,8
413,后,8
414,闭锁,8
415,式电流,8
416,瓦斯,8
417,类型,8
418,电磁,8
419,传输,8
420,弧,8
421,管式,8
422,击穿,8
423,闪光,8
424,体,8
425,棒,8
426,压入,8
427,预,8
428,污染,8
429,切割,8
430,约定,8
431,发射,8
432,定向,8
433,本质,8
434,当量,8
435,平均,8
436,场效应,8
437,户内,8
438,孔,8
439,计,8
440,复,8
441,冷却,8
442,二端,8
443,增殖,8
444,反应堆,8
445,维护,8
446,正压,8
447,人员,8
448,因子,8
449,反射,8
450,自由,8
451,离子,8
452,微分,8
453,力,8
454,处理,8
455,光,8
456,面积,8
457,感应炉,8
458,输送,7
459,定子,7
460,标准,7
461,快速,7
462,控制系统,7
463,模拟,7
464,稳态,7
465,开路,7
466,直流电,7
467,磁通,7
468,扩散,7
469,阴极,7
470,比较,7
471,对数,7
472,数,7
473,通道,7
474,晶闸管,7
475,组合,7
476,计数器,7
477,转矩,7
478,同轴,7
479,固体,7
480,电气设备,7
481,电能,7
482,总线,7
483,支架,7
484,偏移,7
485,欠,7
486,动,7
487,位置,7
488,过载,7
489,负,7
490,定位,7
491,报警,7
492,类别,7
493,节点,7
494,组,7
495,插头,7
496,引线,7
497,强迫,7
498,支柱,7
499,掉,7
500,三极,7
501,指示,7
502,示波器,7
503,填充,7
504,绕接,7
505,机械,7
506,级,7
507,气相,7
508,沉积,7
509,使用,7
510,体积,7
511,限制,7
512,浸渍,7
513,过程,7
514,树脂,7
515,收集,7
516,符合,7
517,峰,7
518,探测器,7
519,混合物,7
520,核反应堆,7
521,一般,7
522,噪声,7
523,端口,7
524,均匀,7
525,爆炸性,7
526,物质,7
527,锌,7
528,导抗,7
529,能级,7
530,方,7
531,格距,7
532,检流计,7
533,绝缘油,7
534,布置,7
535,架,6
536,自动化,6
537,数据,6
538,用户,6
539,转速,6
540,停机,6
541,基础,6
542,设计,6
543,中断,6
544,感性,6
545,栅极,6
546,偏置,6
547,放大,6
548,动态,6
549,旁路,6
550,通路,6
551,开环,6
552,稳定性,6
553,逻辑,6
554,复位,6
555,实验,6
556,电机,6
557,力矩,6
558,间,6
559,线性,6
560,场,6
561,时,6
562,变换器,6
563,交叉,6
564,高频,6
565,软,6
566,二次,6
567,保护装置,6
568,纵联,6
569,耦,6
570,反,6
571,方程,6
572,分支,6
573,重,6
574,环形,6
575,曲面,6
576,带电,6
577,全,6
578,返回,6
579,-,6
580,协议,6
581,物理,6
582,组织,6
583,次,6
584,降,6
585,耐,6
586,柜,6
587,白,6
588,套,6
589,计量,6
590,机架,6
591,弹性,6
592,荷电,6
593,焊炬,6
594,彩色,6
595,分闸,6
596,流,6
597,电离,6
598,剩余,6
599,筒,6
600,粒子,6
601,辉光,6
602,失效,6
603,富集,6
604,谱,6
605,恒压,6
606,液态,6
607,机柜,6
608,特,6
609,隧道,6
610,耐热,6
611,贮存,6
612,名词,6
613,可燃性,6
614,吸收,6
615,合格,6
616,比值,6
617,元素,6
618,啮合,6
619,探测,6
620,非对称,6
621,等效,6
622,链,6
623,盐浴,6
624,电加热,6
625,设施,6
626,复合物,6
627,标称,6
628,破损,6
629,螺纹,6
630,布线,6
631,电子枪,6
632,钎焊,6
633,模块,6
634,平面,6
635,操动,6
636,中,5
637,调节,5
638,裕度,5
639,等级,5
640,电导,5
641,上限,5
642,下限,5
643,有用,5
644,阻尼,5
645,选择,5
646,高,5
647,电压表,5
648,适应,5
649,波形,5
650,工频,5
651,三角形,5
652,无源,5
653,失真,5
654,模型,5
655,断路,5
656,星形,5
657,强度,5
658,异步电动,5
659,合,5
660,动断,5
661,氧化物,5
662,变阻器,5
663,电感器,5
664,中心,5
665,阶跃,5
666,可控,5
667,双向,5
668,驱动,5
669,磁化,5
670,载波,5
671,调节器,5
672,手动,5
673,过流,5
674,硬,5
675,联络,5
676,比率,5
677,计算,5
678,扰动,5
679,加速,5
680,灵敏,5
681,滞后,5
682,黑,5
683,二,5
684,静电,5
685,复合,5
686,持续,5
687,正交,5
688,检测,5
689,不可,5
690,窗,5
691,逆,5
692,合成,5
693,可用,5
694,基于,5
695,服务,5
696,阻塞,5
697,实时,5
698,上,5
699,插接,5
700,干线,5
701,出线,5
702,动力,5
703,配电箱,5
704,控制箱,5
705,盒,5
706,盘,5
707,双极,5
708,照明灯,5
709,紧急,5
710,荧光灯,5
711,网,5
712,引,5
713,交流电,5
714,电桥,5
715,塑料,5
716,电线,5
717,移动,5
718,外部,5
719,型号,5
720,防,5
721,面板,5
722,浮动,5
723,极性,5
724,气,5
725,卡,5
726,应力,5
727,偏转,5
728,短时,5
729,盖,5
730,插入,5
731,影像,5
732,化学,5
733,恒流,5
734,淬火,5
735,口,5
736,喷嘴,5
737,极限值,5
738,整体,5
739,通态,5
740,炉顶,5
741,阻止本领,5
742,纸板,5
743,费米,5
744,程序,5
745,深度,5
746,电荷,5
747,标量,5
748,垂直,5
749,杂质,5
750,记录,5
751,导向,5
752,跟踪,5
753,参比,5
754,爆炸,5
755,剂量计,5
756,电场,5
757,电阻加热,5
758,雪崩,5
759,电导率,5
760,导管,5
761,伴热,5
762,最低,5
763,回复,5
764,工作制,5
765,随机,5
766,活性,5
767,确定,5
768,分隔,5
769,盐,5
770,子,5
771,服务器,5
772,命令,5
773,锂,5
774,重熔,5
775,提供,5
776,灯泡,5
777,侧,4
778,输电线,4
779,并,4
780,补偿器,4
781,下降,4
782,传递函数,4
783,均,4
784,有效值,4
785,执行,4
786,管理系统,4
787,控制室,4
788,管理,4
789,机组,4
790,相电流,4
791,非线性,4
792,运算,4
793,生产,4
794,应用,4
795,方式,4
796,支路,4
797,截止频率,4
798,频带,4
799,制,4
800,磁阻,4
801,额定功率,4
802,常闭,4
803,可编程,4
804,载流子,4
805,倍数,4
806,截止,4
807,共模,4
808,切,4
809,闭环,4
810,频率响应,4
811,电平,4
812,集成,4
813,显示器,4
814,触发器,4
815,寄存器,4
816,双稳态,4
817,晶体,4
818,铁芯,4
819,环,4
820,锁定,4
821,电枢,4
822,分路,4
823,气隙,4
824,互感,4
825,相关,4
826,配合,4
827,重叠,4
828,汇流,4
829,管道,4
830,保护器,4
831,相角,4
832,瓷,4
833,闪络,4
834,时限,4
835,潮流,4
836,远程,4
837,判据,4
838,解除,4
839,允许,4
840,接口,4
841,一次,4
842,机电,4
843,异常,4
844,传感器,4
845,火花,4
846,断开,4
847,开关柜,4
848,引出,4
849,电解质,4
850,信息,4
851,低频,4
852,连锁,4
853,电器,4
854,过热,4
855,快,4
856,选择器,4
857,半,4
858,接点,4
859,具有,4
860,初始,4
861,商,4
862,矿物,4
863,独立,4
864,边际,4
865,接入,4
866,模式,4
867,保安,4
868,电阻率,4
869,瞬时,4
870,中性线,4
871,专用,4
872,转换开关,4
873,防爆,4
874,起动器,4
875,工厂,4
876,特殊,4
877,电流表,4
878,电度表,4
879,电动,4
880,避雷针,4
881,人工,4
882,维修,4
883,大,4
884,剂,4
885,接线图,4
886,截面,4
887,编号,4
888,号,4
889,平行,4
890,插拔,4
891,连接件,4
892,插,4
893,动合,4
894,老化,4
895,机箱,4
896,变频器,4
897,浇铸,4
898,中性,4
899,光谱,4
900,缓发,4
901,生长,4
902,比释,4
903,动能,4
904,同时,4
905,废物,4
906,透射,4
907,密度计,4
908,浸入,4
909,出料,4
910,正比,4
911,等离子,4
912,专业,4
913,通风,4
914,水冷,4
915,碰撞,4
916,慢化,4
917,聚焦,4
918,准确度,4
919,部件,4
920,调整,4
921,电击,4
922,输出功率,4
923,规定,4
924,端头,4
925,高温,4
926,危险,4
927,有载,4
928,浇封,4
929,事件,4
930,堆芯,4
931,时基,4
932,时间误差,4
933,固有,4
934,俘获,4
935,量限,4
936,束,4
937,激光束,4
938,紧固件,4
939,一致性,4
940,焊丝,4
941,空腔,4
942,生物,4
943,炉料,4
944,锅炉,4
945,计算机,4
946,插件,4
947,基波,4
948,静止,4
949,空间,4
950,修理,4
951,环境温度,4
952,转接,4
953,同心,4
954,阈,4
955,敏感,4
956,分辨率,4
957,仪器,4
958,爬,4
959,符号,4
960,目标,4
961,灰度,4
962,图像,4
963,干燥,4
964,枪,4
965,观察,4
966,引弧,4
967,臂,4
968,附件,4
969,焊钳,4
970,互换,4
971,未,4
972,端接,4
973,精炼,4
974,电解,4
975,易,4
976,应急,4
977,嵌入,4
978,滑道,4
979,伸缩式,4
980,半波,4
981,阻,4
982,同,4
983,聚合物,4
984,分布,4
985,段,4
986,放射源,4
987,热中子,4
988,量子数,4
989,核素,4
990,真空炉,4
991,分接,4
992,升压,3
993,功角,3
994,电网,3
995,遥测,3
996,切除,3
997,停电,3
998,采集,3
999,监视,3
1000,百分比,3
1001,相电压,3
1002,正常,3
1003,发电机组,3
1004,超高压,3
1005,减法,3
1006,规则,3
1007,优化,3
1008,有源,3
1009,基尔霍夫,3
1010,定律,3
1011,共振,3
1012,电动势,3
1013,二端网络,3
1014,定理,3
1015,角频率,3
1016,磁场,3
1017,接触器,3
1018,本征,3
1019,漂移,3
1020,集电极,3
1021,沟道,3
1022,耗尽,3
1023,负反馈,3
1024,跟随,3
1025,抑制,3
1026,漏,3
1027,振荡器,3
1028,幅度,3
1029,交越,3
1030,稳压电源,3
1031,可控硅,3
1032,移位,3
1033,异步,3
1034,清,3
1035,无功功率,3
1036,叠片,3
1037,合金,3
1038,磁电,3
1039,抗,3
1040,调幅,3
1041,周波,3
1042,后备,3
1043,可靠性,3
1044,相间,3
1045,压板,3
1046,条,3
1047,漏电,3
1048,差,3
1049,消耗,3
1050,过压,3
1051,帽,3
1052,失步,3
1053,导引,3
1054,接受,3
1055,出口,3
1056,两相,3
1057,回,3
1058,接地系统,3
1059,矩形,3
1060,额定值,3
1061,罩,3
1062,电动式,3
1063,多重,3
1064,过渡,3
1065,两,3
1066,电势,3
1067,峰值,3
1068,遥控,3
1069,按,3
1070,识别,3
1071,失效率,3
1072,常开,3
1073,传输线,3
1074,预测,3
1075,姆,3
1076,欧,3
1077,排,3
1078,相同,3
1079,激磁,3
1080,振动,3
1081,合同,3
1082,资源,3
1083,计划,3
1084,调频,3
1085,切断,3
1086,有限,3
1087,灯丝,3
1088,载,3
1089,流量,3
1090,装在,3
1091,预告,3
1092,接地线,3
1093,控制台,3
1094,调压器,3
1095,明装,3
1096,调压,3
1097,伺服,3
1098,嵌入式,3
1099,脱扣,3
1100,投入,3
1101,开,3
1102,功率表,3
1103,避雷,3
1104,氧化,3
1105,雷击,3
1106,雷电,3
1107,下线,3
1108,漆,3
1109,绝缘线,3
1110,镀锌,3
1111,原理图,3
1112,框架,3
1113,用电,3
1114,开口,3
1115,下,3
1116,排列,3
1117,圆形,3
1118,刺破,3
1119,紧固,3
1120,势垒,3
1121,热电偶,3
1122,气溶胶,3
1123,空气污染,3
1124,对流,3
1125,换能器,3
1126,成套,3
1127,透热,3
1128,陶瓷,3
1129,微粒,3
1130,校正器,3
1131,分辨时间,3
1132,双金属,3
1133,光敏,3
1134,排烟,3
1135,猝灭,3
1136,校准,3
1137,结晶器,3
1138,瞬发,3
1139,熔,3
1140,软件,3
1141,率仪,3
1142,破坏性,3
1143,混合,3
1144,停堆,3
1145,电痕化,3
1146,程度,3
1147,散射,3
1148,辐射能,3
1149,原子,3
1150,单极,3
1151,隔爆,3
1152,淬,3
1153,反冲,3
1154,盖革,3
1155,米勒,3
1156,倍增,3
1157,型式,3
1158,伴热器,3
1159,工业,3
1160,最终,3
1161,实际,3
1162,变差,3
1163,验证,3
1164,退火,3
1165,预期,3
1166,上升率,3
1167,容积,3
1168,零位,3
1169,稀释,3
1170,预热,3
1171,预热器,3
1172,接触点,3
1173,蒸气,3
1174,一览表,3
1175,壳体,3
1176,质子,3
1177,供给,3
1178,鉴定,3
1179,性能,3
1180,天然,3
1181,热释光,3
1182,斜坡,3
1183,特征,3
1184,液,3
1185,重要,3
1186,板装,3
1187,拼接,3
1188,外罩,3
1189,施主,3
1190,针式,3
1191,活化,3
1192,仪,3
1193,厚度,3
1194,重现,3
1195,物,3
1196,检验,3
1197,阻断,3
1198,焊条,3
1199,目视,3
1200,全身,3
1201,弹性体,3
1202,端点,3
1203,产额,3
1204,波动,3
1205,气候,3
1206,空心,3
1207,谐振腔,3
1208,多功能,3
1209,埋弧,3
1210,牵引,3
1211,粘合,3
1212,浮置,3
1213,规范,3
1214,衰减系数,3
1215,时钟,3
1216,送丝,3
1217,兼容性,3
1218,毒物,3
1219,会议,3
1220,限能,3
1221,报警器,3
1222,极端,3
1223,限量,3
1224,镀层,3
1225,含量,3
1226,排出,3
1227,包壳,3
1228,冷却剂,3
1229,监测,3
1230,荧光,3
1231,随动,3
1232,水平,3
1233,限幅,3
1234,道,3
1235,可燃,3
1236,通过,3
1237,工件,3
1238,液位,3
1239,电气系统,3
1240,简单,3
1241,景物,3
1242,径向,3
1243,沟槽,3
1244,冷却系统,3
1245,导轨,3
1246,热合,3
1247,干燥器,3
1248,反射器,3
1249,冷,3
1250,点火,3
1251,射流,3
1252,激光器,3
1253,电弧焊,3
1254,装备,3
1255,稳弧,3
1256,静,3
1257,间距,3
1258,焊枪,3
1259,内容,3
1260,介子,3
1261,被,3
1262,差值,3
1263,结,3
1264,半导体器件,3
1265,探头,3
1266,支撑,3
1267,接线柱,3
1268,尺寸,3
1269,正,3
1270,分析仪,3
1271,分析器,3
1272,几何,3
1273,辐照,3
1274,镉,3
1275,镍,3
1276,干式,3
1277,法线,3
1278,销,3
1279,已,3
1280,包,3
1281,氧枪,3
1282,读数,3
1283,狄拉克,3
1284,玻尔兹曼,3
1285,保温,3
1286,链接,3
1287,再,3
1288,匹配,3
1289,局域网,3
1290,回火,3
1291,炉衬,3
1292,辐射源,3
1293,控制结构,3
1294,关于,3
1295,运营商,3
1296,通电,3
1297,封线体,3
1298,形成,3
1299,熔融,3
1300,聚乙烯,3
1301,电阻炉,3
1302,概念,3
1303,热处理,3
1304,核反应,3
1305,关系,3
1306,配电柜,3
1307,保险丝,3
1308,六氟化硫,3
1309,柱上,3
1310,行程,3
1311,电厂,2
1312,端电压,2
1313,刀,2
1314,负序,2
1315,无穷大,2
1316,仿真,2
1317,输入输出,2
1318,远方,2
1319,需求,2
1320,每,2
1321,中线,2
1322,千瓦,2
1323,小时,2
1324,超速,2
1325,油压,2
1326,选择键,2
1327,模糊,2
1328,适应控制,2
1329,相反,2
1330,延迟,2
1331,等值,2
1332,波阻抗,2
1333,隶属,2
1334,模糊推理,2
1335,全面,2
1336,电子器件,2
1337,拖动,2
1338,最优化,2
1339,规划,2
1340,系统分析,2
1341,经济,2
1342,系统可靠性,2
1343,系统优化,2
1344,远动,2
1345,迭代,2
1346,整流器,2
1347,功耗,2
1348,畸变,2
1349,产生,2
1350,铭牌,2
1351,待机,2
1352,伏安,2
1353,电位差,2
1354,结点,2
1355,网孔,2
1356,路,2
1357,交流电路,2
1358,复数,2
1359,初,2
1360,倒,2
1361,通,2
1362,带宽,2
1363,一阶,2
1364,波特,2
1365,三线,2
1366,四线,2
1367,时间常数,2
1368,磁路,2
1369,额定电流,2
1370,熔断器,2
1371,掺杂,2
1372,发光,2
1373,三极管,2
1374,场效应管,2
1375,增强型,2
1376,热敏电阻,2
1377,零点,2
1378,电位器,2
1379,差模,2
1380,频响,2
1381,锁相环,2
1382,正弦波,2
1383,三角,2
1384,稳压器,2
1385,峰点,2
1386,逻辑电路,2
1387,时序,2
1388,置位,2
1389,沿,2
1390,单稳态,2
1391,模拟信号,2
1392,数字信号,2
1393,无刷,2
1394,直流电机,2
1395,电磁场,2
1396,微机,2
1397,电气工程,2
1398,感应式,2
1399,左手,2
1400,鼠笼,2
1401,满载,2
1402,涌流,2
1403,他励,2
1404,光纤,2
1405,波导,2
1406,结合,2
1407,传播,2
1408,调制器,2
1409,增压,2
1410,极点,2
1411,失配,2
1412,去,2
1413,自励,2
1414,死,2
1415,速动,2
1416,断线,2
1417,换流器,2
1418,因素,2
1419,串,2
1420,角形,2
1421,托架,2
1422,保证,2
1423,定,2
1424,限时,2
1425,限流,2
1426,估计,2
1427,轨迹,2
1428,干扰,2
1429,阶段,2
1430,速断,2
1431,高速,2
1432,录波器,2
1433,特性阻抗,2
1434,轻,2
1435,于,2
1436,突变,2
1437,增量,2
1438,级数,2
1439,额定负载,2
1440,内阻,2
1441,分裂,2
1442,交,2
1443,集中,2
1444,拓补,2
1445,报警信号,2
1446,电子管,2
1447,断,2
1448,不足,2
1449,密闭,2
1450,失磁,2
1451,绝对,2
1452,吹,2
1453,继电,2
1454,停止,2
1455,自激,2
1456,安全性,2
1457,变流器,2
1458,共用,2
1459,信号处理,2
1460,通讯,2
1461,圆,2
1462,电力线,2
1463,并行,2
1464,绝对值,2
1465,精确,2
1466,工作电压,2
1467,单相接地,2
1468,气动,2
1469,衔铁,2
1470,合式,2
1471,夹式,2
1472,年,2
1473,分区,2
1474,期,2
1475,热电,2
1476,再生能源,2
1477,企业,2
1478,金融,2
1479,关口,2
1480,报价,2
1481,输电网,2
1482,概率,2
1483,出,2
1484,价格,2
1485,日,2
1486,　,2
1487,交易所,2
1488,地区,2
1489,目录,2
1490,要求,2
1491,交直流,2
1492,起始,2
1493,残留,2
1494,相序,2
1495,校正,2
1496,测温,2
1497,阀,2
1498,开度计,2
1499,停车,2
1500,单线,2
1501,低压配电,2
1502,铁壳,2
1503,自动开关,2
1504,钮,2
1505,气密,2
1506,选择开关,2
1507,现场,2
1508,音响,2
1509,磁力,2
1510,降压,2
1511,柴油,2
1512,暗装,2
1513,搪瓷,2
1514,深照,2
1515,防水,2
1516,防尘,2
1517,弯灯,2
1518,白炽灯,2
1519,路灯,2
1520,分励,2
1521,脱扣器,2
1522,滑线,2
1523,电磁式,2
1524,变电所,2
1525,运转,2
1526,自锁,2
1527,瓦特,2
1528,波长,2
1529,真空管,2
1530,膜,2
1531,重复,2
1532,配电室,2
1533,钳,2
1534,油浸,2
1535,自冷,2
1536,试验台,2
1537,单臂,2
1538,填料,2
1539,膏,2
1540,片,2
1541,平面布置,2
1542,布置图,2
1543,展开,2
1544,敷设,2
1545,台面,2
1546,整定值,2
1547,规格,2
1548,位号,2
1549,互相,2
1550,电炉,2
1551,引来,2
1552,电缆沟,2
1553,地坪,2
1554,室外,2
1555,推拉,2
1556,穿,2
1557,剌,2
1558,分断,2
1559,地线,2
1560,耐火,2
1561,螺栓,2
1562,熔焊,2
1563,锡焊,2
1564,制造商,2
1565,后断,2
1566,滤波,2
1567,重复使用,2
1568,破坏,2
1569,接网,2
1570,配对,2
1571,螺旋,2
1572,自然,2
1573,内转换,2
1574,数模转换,2
1575,变相,2
1576,定值,2
1577,延伸,2
1578,主体,2
1579,轮廓,2
1580,光导,2
1581,弯管,2
1582,电化,2
1583,发热,2
1584,光子,2
1585,衰变,2
1586,甄别,2
1587,闭,2
1588,单一,2
1589,直拉,2
1590,吸收剂量,2
1591,量率,2
1592,开始,2
1593,电晕,2
1594,卸料,2
1595,去污,2
1596,解,2
1597,绕包,2
1598,节,2
1599,土壤,2
1600,变化,2
1601,移相器,2
1602,发帖,2
1603,传热,2
1604,转变,2
1605,傅里叶,2
1606,逆变换,2
1607,拉普拉斯,2
1608,四极,2
1609,交迭,2
1610,振底,2
1611,电容式,2
1612,三面,2
1613,盲管,2
1614,底,2
1615,空穴,2
1616,管材,2
1617,充气,2
1618,衬硼,2
1619,三氟化硼,2
1620,嘴,2
1621,导出单位,2
1622,虚数,2
1623,实体,2
1624,标度盘,2
1625,示值,2
1626,平均误差,2
1627,检定,2
1628,防护服,2
1629,用品,2
1630,孔隙,2
1631,孔道,2
1632,评估,2
1633,黏度,2
1634,断态,2
1635,速率,2
1636,固化,2
1637,拱顶,2
1638,标记,2
1639,地面,2
1640,涂敷,2
1641,粉末,2
1642,接通,2
1643,最先,2
1644,粘,2
1645,压机,2
1646,微,2
1647,注册,2
1648,透入,2
1649,自限,2
1650,防尘盖,2
1651,升温,2
1652,喷雾器,2
1653,量子,2
1654,同位素,2
1655,次数,2
1656,亮道,2
1657,曝光,2
1658,连科夫,2
1659,元,2
1660,排气,2
1661,放射性元素,2
1662,向量,2
1663,物项,2
1664,釉,2
1665,共发射极,2
1666,低温,2
1667,中温,2
1668,热电子,2
1669,堆叠,2
1670,灌注,2
1671,限定词,2
1672,包封,2
1673,浇,2
1674,封型,2
1675,授能,2
1676,受主,2
1677,电离能,2
1678,圆盘,2
1679,断续,2
1680,剂量率,2
1681,抽样,2
1682,一体化,2
1683,呼吸,2
1684,台,2
1685,外延,2
1686,净化剂,2
1687,白平衡,2
1688,可动,2
1689,常规,2
1690,引用,2
1691,温升,2
1692,例行,2
1693,态,2
1694,被控,2
1695,操纵,2
1696,测量范围,2
1697,蒸镀,2
1698,激发,2
1699,扩展,2
1700,联网,2
1701,绕,2
1702,定标,2
1703,软管,2
1704,多模,2
1705,单模,2
1706,放射,2
1707,硬质,2
1708,纤维,2
1709,电话,2
1710,插塞,2
1711,裸,2
1712,芯,2
1713,丝极,2
1714,结束,2
1715,弯曲,2
1716,渡越,2
1717,制造,2
1718,布拉格,2
1719,戈瑞,2
1720,导,2
1721,证书,2
1722,认证,2
1723,回收,2
1724,云室,2
1725,差分,2
1726,推,2
1727,壁,2
1728,空间电荷,2
1729,配料,2
1730,装料,2
1731,横向,2
1732,双频,2
1733,路径,2
1734,水解,2
1735,单芯,2
1736,比例,2
1737,箱体,2
1738,相干性,2
1739,真,2
1740,共,2
1741,燃耗,2
1742,闭环控制,2
1743,面向,2
1744,顺序控制,2
1745,逆向,2
1746,零件,2
1747,配比,2
1748,成分,2
1749,净,2
1750,集,2
1751,磁器,2
1752,浓度,2
1753,绞合,2
1754,架空电缆,2
1755,慢化剂,2
1756,反射层,2
1757,流体,2
1758,主持,2
1759,棋盘形,2
1760,共轭,2
1761,胶粘,2
1762,关联,2
1763,技术人员,2
1764,修复,2
1765,改造,2
1766,证书编号,2
1767,系统文件,2
1768,擦动,2
1769,跳,2
1770,桥接,2
1771,最短,2
1772,重启动,2
1773,关断,2
1774,复原,2
1775,精确度,2
1776,闭合,2
1777,实心,2
1778,门框,2
1779,指示仪,2
1780,操纵员,2
1781,重水,2
1782,料位计,2
1783,上升时间,2
1784,下降时间,2
1785,转化,2
1786,康普顿,2
1787,反射率,2
1788,计数率,2
1789,迁移率,2
1790,宽,2
1791,分辨力,2
1792,再现,2
1793,确认,2
1794,溯源,2
1795,飞絮,2
1796,电子设备,2
1797,涂层,2
1798,接合面,2
1799,宽度,2
1800,转轴,2
1801,操纵杆,2
1802,开式,2
1803,管接头,2
1804,换气,2
1805,内置,2
1806,描述,2
1807,帽灯,2
1808,对比度,2
1809,照度,2
1810,削波,2
1811,阑,2
1812,供电系统,2
1813,外界,2
1814,触及,2
1815,加强,2
1816,保护套,2
1817,磁体,2
1818,灭菌,2
1819,搅拌器,2
1820,加工机,2
1821,光学,2
1822,导流,2
1823,点火装置,2
1824,引导,2
1825,开槽,2
1826,烧嘴,2
1827,激活,2
1828,媒质,2
1829,泵浦,2
1830,单色性,2
1831,上声,2
1832,聚合,2
1833,焊,2
1834,次级,2
1835,弧焊,2
1836,手柄,2
1837,送丝管,2
1838,驱动轮,2
1839,吸气,2
1840,结晶,2
1841,卡口,2
1842,银,2
1843,执行机构,2
1844,充裕,2
1845,视在,2
1846,光电子,2
1847,漫游,2
1848,代理,2
1849,徙,2
1850,磁导,2
1851,关联矩阵,2
1852,失性,2
1853,微电子学,2
1854,微观,2
1855,小型,2
1856,旁通,2
1857,群,2
1858,调制,2
1859,炉罐,2
1860,马弗,2
1861,绝缘物,2
1862,中性区,2
1863,钝化,2
1864,离子注入,2
1865,丝网,2
1866,印刷,2
1867,二极,2
1868,齐纳,2
1869,衬底,2
1870,斜率,2
1871,共基极,2
1872,电荷转移,2
1873,隔障,2
1874,接,2
1875,开孔,2
1876,刚性,2
1877,匝,2
1878,压砧,2
1879,定位器,2
1880,卸出,2
1881,回转,2
1882,前面板,2
1883,振幅,2
1884,作业,2
1885,压环,2
1886,湮没,2
1887,电阻表,2
1888,铠装,2
1889,急停,2
1890,论坛,2
1891,衰减器,2
1892,存储,2
1893,连线,2
1894,浴,2
1895,频段,2
1896,汇流排,2
1897,电解炉,2
1898,铅,2
1899,酸蓄电池,2
1900,带液,2
1901,浮,2
1902,层压,2
1903,塞,2
1904,析气,2
1905,搅拌,2
1906,素,2
1907,隔热,2
1908,边界,2
1909,绝缘体,2
1910,交联,2
1911,插口,2
1912,界面,2
1913,三芯,2
1914,渣,2
1915,曲率,2
1916,算子,2
1917,统一,2
1918,麦克斯韦,2
1919,操纵器,2
1920,立柱,2
1921,手持,2
1922,热效率,2
1923,接线板,2
1924,连通,2
1925,桥形,2
1926,虚拟,2
1927,核磁共振,2
1928,互联网,2
1929,路由器,2
1930,粘带,2
1931,闸室,2
1932,直线,2
1933,简并,2
1934,序列,2
1935,二进制,2
1936,地下,2
1937,谱仪,2
1938,球面,2
1939,统计,2
1940,递阶控制,2
1941,圆柱形,2
1942,面,2
1943,中频,2
1944,性端,2
1945,超,2
1946,快中子,2
1947,单位名称,2
1948,核子,2
1949,波数,2
1950,磁心,2
1951,对象,2
1952,观测器,2
1953,就,2
1954,模序,2
1955,牛皮纸,2
1956,马尼拉,2
1957,碱性,2
1958,二氧化锰,2
1959,碳,2
1960,夹持,2
1961,基准面,2
1962,钢包,2
1963,控制点,2
1964,凝胶,2
1965,欧姆,2
1966,流态化,2
1967,通量,2
1968,价值,2
1969,箱式,2
1970,熔化炉,2
1971,转,2
1972,倾动,2
1973,连续式,2
1974,井式炉,2
1975,多层,2
1976,容器,2
1977,滚轮,2
1978,配线,2
1979,溜槽,2
1980,流槽,2
1981,网格,2
1982,抗氧化,2
1983,辨识,2
1984,适配,2
1985,互连,2
1986,量程,2
1987,碳化硅,2
1988,电渣,2
1989,罐式,2
1990,气冷,2
1991,超临界,2
1992,互易,2
1993,前馈,2
1994,部门,2
1995,各,2
1996,充油,2
1997,心,2
1998,乙丙橡胶,2
1999,入口,2
2000,进,2
2001,指示灯,2
2002,聚光灯,2
2003,筒灯,2
2004,值班,2
2005,净距,2
2006,浸式,2
2007,密封式,2
2008,风冷,2
2009,单柱式,2
2010,储能,2
2011,人手,2
2012,断口,2
2013,阀式,2
2014,铁损,1
2015,铜损,1
2016,落点,1
2017,开关站,1
2018,高抗,1
2019,并列,1
2020,切机,1
2021,高顶值,1
2022,发电厂,1
2023,状态参数,1
2024,档位,1
2025,正序,1
2026,电纳,1
2027,或者,1
2028,遥信,1
2029,装机容量,1
2030,更,1
2031,知识,1
2032,双回,1
2033,同杆,1
2034,强行,1
2035,机端,1
2036,单机,1
2037,变比,1
2038,框图,1
2039,受端,1
2040,失去,1
2041,摇摆,1
2042,地刀,1
2043,当地,1
2044,用户界面,1
2045,总控,1
2046,方根值,1
2047,返校,1
2048,分布式,1
2049,地理信息系统,1
2050,全球定位系统,1
2051,管理信息系统,1
2052,抄表,1
2053,信息系统,1
2054,千伏安,1
2055,千阀,1
2056,兆瓦,1
2057,水温,1
2058,失败,1
2059,冷却水,1
2060,温度表,1
2061,机油,1
2062,油压表,1
2063,电瓶,1
2064,怠速,1
2065,摇控,1
2066,其它,1
2067,神经网络,1
2068,模糊控制,1
2069,大容量,1
2070,投运,1
2071,方法,1
2072,高精度,1
2073,学习,1
2074,抗干扰能力,1
2075,子系统,1
2076,大小,1
2077,相等,1
2078,等效于,1
2079,相减,1
2080,求和,1
2081,参数值,1
2082,修改,1
2083,反传,1
2084,区内,1
2085,误动作,1
2086,神经元,1
2087,中国,1
2088,电子电路,1
2089,电子电器,1
2090,电子学,1
2091,电力工程,1
2092,最优,1
2093,自动装置,1
2094,扰乱,1
2095,等效电路,1
2096,根本原因,1
2097,视在功率,1
2098,包括,1
2099,软启动,1
2100,纹波,1
2101,大功率,1
2102,面包,1
2103,叠加定理,1
2104,暂时,1
2105,想,1
2106,焦耳,1
2107,欧姆定律,1
2108,叠加,1
2109,戴维宁,1
2110,诺顿,1
2111,感抗,1
2112,容抗,1
2113,法拉,1
2114,亨利,1
2115,相位差,1
2116,领先,1
2117,落后,1
2118,相量,1
2119,频率特性,1
2120,幅频特性,1
2121,相频特性,1
2122,品质因数,1
2123,二阶,1
2124,低通滤波器,1
2125,高通,1
2126,带通,1
2127,带阻,1
2128,线电压,1
2129,暂态过程,1
2130,换路,1
2131,三要素,1
2132,积分电路,1
2133,微分电路,1
2134,磁感应,1
2135,势,1
2136,动机,1
2137,旋转磁场,1
2138,转差率,1
2139,起动转矩,1
2140,行程开关,1
2141,常,1
2142,开动,1
2143,语句,1
2144,梯形图,1
2145,自由电子,1
2146,硅,1
2147,锗,1
2148,稳压,1
2149,发射极,1
2150,基极,1
2151,放大系数,1
2152,结型,1
2153,源极,1
2154,漏极,1
2155,跨导,1
2156,夹断电压,1
2157,正反馈,1
2158,共射极,1
2159,射极,1
2160,共源,1
2161,共漏,1
2162,多级,1
2163,阻容,1
2164,输入电阻,1
2165,输出电阻,1
2166,负载电阻,1
2167,直,1
2168,流通,1
2169,电阻值,1
2170,电容量,1
2171,失调电压,1
2172,失调,1
2173,沃斯,1
2174,比雪夫,1
2175,贝塞尔,1
2176,输入阻抗,1
2177,迟滞,1
2178,反对,1
2179,相移,1
2180,监测器,1
2181,频,1
2182,差频,1
2183,方波,1
2184,甲类,1
2185,乙类,1
2186,推挽,1
2187,半波整流,1
2188,全波,1
2189,单结,1
2190,谷点,1
2191,导通角,1
2192,门电路,1
2193,三态,1
2194,或门,1
2195,与非门,1
2196,或非门,1
2197,异或门,1
2198,反相器,1
2199,布尔代数,1
2200,真值表,1
2201,卡诺图,1
2202,表达式,1
2203,译码器,1
2204,编码器,1
2205,半加器,1
2206,全加器,1
2207,七段,1
2208,主从,1
2209,加法,1
2210,清除,1
2211,时钟脉冲,1
2212,上升,1
2213,波形图,1
2214,半导体存储器,1
2215,只,1
2216,读存储器,1
2217,随机存取,1
2218,永磁,1
2219,同步电机,1
2220,异步电机,1
2221,电机学,1
2222,自动控制,1
2223,理论,1
2224,电工学,1
2225,讲座,1
2226,工程,1
2227,专题,1
2228,实践,1
2229,概论,1
2230,集成系统,1
2231,传动,1
2232,马,1
2233,蹄形磁铁,1
2234,涡流,1
2235,右手定则,1
2236,定则,1
2237,感生电流,1
2238,铸铝,1
2239,青铜,1
2240,马力,1
2241,散绕,1
2242,端环,1
2243,模绕,1
2244,转分,1
2245,标么值,1
2246,起步,1
2247,阻力,1
2248,检修,1
2249,风动,1
2250,转秒,1
2251,极数,1
2252,原动机,1
2253,漏磁通,1
2254,斩波,1
2255,复励,1
2256,并励,1
2257,串励,1
2258,局间,1
2259,波导管,1
2260,硅石,1
2261,二氧化硅,1
2262,共轴,1
2263,高性能,1
2264,成熟,1
2265,单边,1
2266,传导,1
2267,解调器,1
2268,限波器,1
2269,移频,1
2270,键控,1
2271,调谐器,1
2272,入射,1
2273,二线,1
2274,直轴瞬变,1
2275,算符,1
2276,演算,1
2277,检测器,1
2278,高增益,1
2279,反馈系统,1
2280,调整器,1
2281,磁放大器,1
2282,微场,1
2283,扩流,1
2284,限幅器,1
2285,方框图,1
2286,稳定器,1
2287,磁链,1
2288,原生,1
2289,电热器,1
2290,不变,1
2291,自感,1
2292,电介质,1
2293,词汇,1
2294,调试,1
2295,鼠笼式,1
2296,序阻,1
2297,闸刀开关,1
2298,选择性,1
2299,误动,1
2300,穿越,1
2301,永久性,1
2302,瞬时性,1
2303,多路,1
2304,高阻,1
2305,开关电路,1
2306,把手,1
2307,隔离室,1
2308,母线槽,1
2309,请求,1
2310,集电环,1
2311,总线结构,1
2312,动平衡,1
2313,远距,1
2314,电动阀,1
2315,调速,1
2316,高压电,1
2317,任选,1
2318,选配,1
2319,电路板,1
2320,超压,1
2321,中心点,1
2322,接合,1
2323,扼流圈,1
2324,欠压,1
2325,超限,1
2326,间断,1
2327,角缝,1
2328,潜动,1
2329,收信机,1
2330,测向,1
2331,五防,1
2332,选线,1
2333,准稳态,1
2334,准,1
2335,架空线,1
2336,埋地,1
2337,联络线,1
2338,租用,1
2339,专用线路,1
2340,终端设备,1
2341,调度,1
2342,半周,1
2343,选相,1
2344,记忆,1
2345,解列,1
2346,零模,1
2347,逆相序,1
2348,人机对话,1
2349,汲,1
2350,匝间,1
2351,真空开关,1
2352,逐次,1
2353,逼进,1
2354,助增,1
2355,纵差,1
2356,幅值,1
2357,信号处理器,1
2358,无需,1
2359,支撑物,1
2360,螺旋管,1
2361,接地装置,1
2362,隙,1
2363,陷波,1
2364,实地,1
2365,常量,1
2366,恒定,1
2367,震动,1
2368,远距离,1
2369,消,1
2370,弧线,1
2371,圈,1
2372,外施,1
2373,直轴,1
2374,交轴,1
2375,剩磁,1
2376,调,1
2377,相机,1
2378,甩,1
2379,人工智能,1
2380,组态,1
2381,屏柜,1
2382,保护网,1
2383,保护性,1
2384,相继,1
2385,多次重,1
2386,多端,1
2387,发送,1
2388,反转,1
2389,负相序,1
2390,杯式,1
2391,圆盘式,1
2392,高灵敏度,1
2393,恒温,1
2394,横差,1
2395,缓动,1
2396,缓放,1
2397,鉴别,1
2398,快动,1
2399,缓释,1
2400,相接,1
2401,全部,1
2402,吊牌,1
2403,载体,1
2404,数据处理,1
2405,数据传输,1
2406,馈电,1
2407,间歇,1
2408,录波,1
2409,拓扑,1
2410,专家系统,1
2411,减载,1
2412,二级,1
2413,处,1
2414,冗余度,1
2415,逼近,1
2416,克尔斯,1
2417,波速,1
2418,用率,1
2419,受,1
2420,电磁干扰,1
2421,服务程序,1
2422,矢量,1
2423,长线,1
2424,分布电容,1
2425,超范围,1
2426,持续性,1
2427,、,1
2428,串补,1
2429,带有,1
2430,速,1
2431,单片机,1
2432,单元式,1
2433,低次,1
2434,电器设备,1
2435,崎变,1
2436,金属性,1
2437,构成,1
2438,频窗,1
2439,弱,1
2440,三端,1
2441,数字式,1
2442,特高压,1
2443,闸前,1
2444,串行接口,1
2445,监控,1
2446,自检,1
2447,告警,1
2448,形式,1
2449,稳,1
2450,非常态,1
2451,阶梯,1
2452,母联,1
2453,同期,1
2454,系统控制,1
2455,动圈式,1
2456,隐形,1
2457,收,1
2458,迅机,1
2459,发迅机,1
2460,光纤通信,1
2461,螺,1
2462,短期,1
2463,傅立叶,1
2464,二乘,1
2465,卡尔曼滤波,1
2466,问题,1
2467,移相,1
2468,原则,1
2469,横,1
2470,近距离,1
2471,整流桥,1
2472,杆塔,1
2473,机械锁,1
2474,吸,1
2475,挡板,1
2476,颤振,1
2477,颤动,1
2478,引起,1
2479,混乱,1
2480,瓦解,1
2481,双头,1
2482,跳线,1
2483,扭转,1
2484,申报,1
2485,联产,1
2486,竞争性,1
2487,并网,1
2488,电量,1
2489,差价,1
2490,和约,1
2491,公司,1
2492,远期,1
2493,运营,1
2494,交易,1
2495,现货,1
2496,税,1
2497,发电量,1
2498,技术规范,1
2499,拥有者,1
2500,管理费,1
2501,拟合,1
2502,网损,1
2503,连,1
2504,网费,1
2505,成本,1
2506,定价,1
2507,新,1
2508,交易规则,1
2509,竞价,1
2510,契约,1
2511,卖方,1
2512,垄断,1
2513,开放,1
2514,发布,1
2515,结算,1
2516,点对点,1
2517,库,1
2518,购,1
2519,售,1
2520,经纪人,1
2521,经纪商,1
2522,购销,1
2523,转运,1
2524,收容,1
2525,地热能,1
2526,失,1
2527,业者,1
2528,收入,1
2529,上浮,1
2530,批发市场,1
2531,熔断,1
2532,电流密度,1
2533,脉动,1
2534,自控,1
2535,直流电源,1
2536,交流电源,1
2537,需要,1
2538,高度,1
2539,耐压,1
2540,比重,1
2541,倾角,1
2542,跨度,1
2543,正极,1
2544,负极,1
2545,遮断,1
2546,长期,1
2547,长时间,1
2548,堵转,1
2549,限定,1
2550,感应电流,1
2551,吊钩,1
2552,支线,1
2553,或接,1
2554,路网,1
2555,开阀,1
2556,关闭,1
2557,馈路,1
2558,现有,1
2559,多种,1
2560,插销,1
2561,进线,1
2562,电控箱,1
2563,边屏,1
2564,瓶,1
2565,车箱,1
2566,高压柜,1
2567,浮充,1
2568,刀开关,1
2569,风扇,1
2570,变速,1
2571,暗装单,1
2572,三路,1
2573,电源开关,1
2574,主令,1
2575,切点,1
2576,综合,1
2577,程仪,1
2578,滑环,1
2579,绕线,1
2580,反应式,1
2581,孔明,1
2582,四孔,1
2583,配照,1
2584,安全灯,1
2585,隔,1
2586,爆灯,1
2587,壁灯,1
2588,水银灯,1
2589,投光灯,1
2590,信号灯,1
2591,天棚,1
2592,灯座,1
2593,水银,1
2594,广照,1
2595,灯具,1
2596,具,1
2597,圆球,1
2598,红色,1
2599,障碍灯,1
2600,厂区,1
2601,道路,1
2602,视孔灯,1
2603,立杆,1
2604,整角,1
2605,励磁机,1
2606,内电阻,1
2607,失压,1
2608,制动器,1
2609,镇流器,1
2610,分流器,1
2611,频敏,1
2612,蜂鸣器,1
2613,接闪,1
2614,断相,1
2615,逆流,1
2616,差流,1
2617,气压,1
2618,强,1
2619,电感线圈,1
2620,予告,1
2621,紧急停车,1
2622,失电,1
2623,送电,1
2624,流断,1
2625,并车,1
2626,闭超,1
2627,扭矩,1
2628,框注,1
2629,字,1
2630,验,1
2631,欧姆表,1
2632,转速表,1
2633,两用,1
2634,钳型,1
2635,兆欧表,1
2636,微安,1
2637,毫安表,1
2638,各种,1
2639,秒表,1
2640,尖,1
2641,拉铁,1
2642,球型,1
2643,管形,1
2644,阀形,1
2645,多隙,1
2646,铝,1
2647,保险,1
2648,或然率,1
2649,触电,1
2650,静电感应,1
2651,防雷,1
2652,夹板,1
2653,支脚,1
2654,接卡,1
2655,贮藏室,1
2656,套间,1
2657,休息室,1
2658,砂轮机,1
2659,台钻,1
2660,电焊机,1
2661,移动式,1
2662,空气压缩机,1
2663,手,1
2664,电钻,1
2665,单速,1
2666,手摇,1
2667,绕线机,1
2668,压器,1
2669,千斤顶,1
2670,电吹尘器,1
2671,存放,1
2672,仪用,1
2673,硅整流器,1
2674,慢,1
2675,携带式,1
2676,桥,1
2677,探伤仪,1
2678,包布,1
2679,防腐,1
2680,沥青,1
2681,绝缘漆,1
2682,瓷漆,1
2683,有色金属,1
2684,黑色金属,1
2685,环氧树脂,1
2686,聚氯乙烯,1
2687,蜡,1
2688,滑石粉,1
2689,胶木,1
2690,聚丙烯,1
2691,耐油,1
2692,橡胶管,1
2693,铜线,1
2694,垫圈,1
2695,橡套,1
2696,悬索,1
2697,滑触线,1
2698,煤气管,1
2699,角钢,1
2700,扁钢,1
2701,钢丝绳,1
2702,电笛,1
2703,电磁阀,1
2704,接线盒,1
2705,吊架,1
2706,图纸,1
2707,面部,1
2708,背部,1
2709,标准图,1
2710,施工图,1
2711,复用,1
2712,联系,1
2713,侧视图,1
2714,正视图,1
2715,背,1
2716,视图,1
2717,剖面图,1
2718,箱内,1
2719,示意图,1
2720,管线,1
2721,芯数,1
2722,管径,1
2723,长,1
2724,管长,1
2725,别,1
2726,灯数,1
2727,方案,1
2728,电工,1
2729,图形符号,1
2730,相别,1
2731,正负极,1
2732,跨越,1
2733,可拆卸,1
2734,头,1
2735,凸极,1
2736,接换,1
2737,电喇叭,1
2738,箱屏,1
2739,列,1
2740,由,1
2741,由下,1
2742,水管,1
2743,热力,1
2744,车道,1
2745,穿管,1
2746,单侧,1
2747,跨,1
2748,金属软管,1
2749,带电插,1
2750,拔,1
2751,直角,1
2752,交错,1
2753,斜插,1
2754,拉脱,1
2755,对接,1
2756,边缘,1
2757,转接器,1
2758,印制板,1
2759,类,1
2760,无分断,1
2761,插入式,1
2762,兼容,1
2763,改进型,1
2764,通用型,1
2765,气密性,1
2766,冷端,1
2767,无焊,1
2768,电耗,1
2769,凹陷,1
2770,先合,1
2771,先,1
2772,断后,1
2773,搭锁,1
2774,舌簧,1
2775,推入,1
2776,后松,1
2777,前松,1
2778,阴,1
2779,插孔,1
2780,双叉,1
2781,分叉,1
2782,音叉,1
2783,阳,1
2784,插针,1
2785,刀形,1
2786,阴三,1
2787,阳三,1
2788,双心,1
2789,强制,1
2790,先通,1
2791,特种,1
2792,污染物,1
2793,外套,1
2794,闭路,1
2795,潜在,1
2796,扎紧,1
2797,热对流,1
2798,模数转换,1
2799,模数转换器,1
2800,移波剂,1
2801,磁致,1
2802,伸缩,1
2803,并串,1
2804,旋转,1
2805,软线,1
2806,料,1
2807,接头盒,1
2808,流水,1
2809,炉体,1
2810,流线形,1
2811,耗尽层,1
2812,厚膜,1
2813,薄膜,1
2814,库仑,1
2815,多边形,1
2816,反抗,1
2817,容性,1
2818,擎住,1
2819,暗电流,1
2820,传导电流,1
2821,去极化,1
2822,饱和电流,1
2823,维持,1
2824,折线,1
2825,成圈,1
2826,电子邮件,1
2827,消息,1
2828,表盖,1
2829,盖起,1
2830,绉,1
2831,烧毁,1
2832,准则,1
2833,终点,1
2834,铜胺,1
2835,轭,1
2836,居里,1
2837,炉壳,1
2838,网络空间,1
2839,控制论,1
2840,圆柱体,1
2841,柱体,1
2842,辐照率,1
2843,溢出,1
2844,豁免,1
2845,废塑料,1
2846,退役,1
2847,共因,1
2848,缺陷,1
2849,纵深,1
2850,防御,1
2851,辐射损伤,1
2852,聚合度,1
2853,脱,1
2854,卤素,1
2855,拆除,1
2856,原型,1
2857,诱导型,1
2858,功率密度,1
2859,过冲,1
2860,汽相淀积,1
2861,传能线,1
2862,文件传送,1
2863,变幅,1
2864,杆,1
2865,栅,1
2866,结栅,1
2867,跃迁,1
2868,到,1
2869,玻璃化,1
2870,变送器,1
2871,嬗变,1
2872,链条,1
2873,转置,1
2874,换位,1
2875,穿缆,1
2876,穿墙,1
2877,透,1
2878,表面淬火,1
2879,编织,1
2880,右手,1
2881,系三芯,1
2882,氚,1
2883,氦,1
2884,薄壁,1
2885,自猝,1
2886,灭,1
2887,无窗,1
2888,模拟输出,1
2889,视觉,1
2890,一贯,1
2891,制外,1
2892,原子质量,1
2893,分度,1
2894,复值,1
2895,运输,1
2896,允许值,1
2897,乏,1
2898,压敏电阻,1
2899,单位向量,1
2900,波腹,1
2901,清漆,1
2902,漆包线,1
2903,漆腊克漆,1
2904,钢化玻璃,1
2905,建筑物,1
2906,空泡,1
2907,平均寿命,1
2908,使用寿命,1
2909,运动,1
2910,阅览器,1
2911,群速度,1
2912,相速,1
2913,伸臂,1
2914,喷淋,1
2915,射频,1
2916,控制区,1
2917,接近,1
2918,接触面,1
2919,杂质浓度,1
2920,挤压,1
2921,阻水,1
2922,导电性,1
2923,预处理,1
2924,取样器,1
2925,可能,1
2926,预混物,1
2927,预压,1
2928,密封件,1
2929,压薄,1
2930,泡利,1
2931,不相容,1
2932,优先级,1
2933,扩散工艺,1
2934,平面工艺,1
2935,规程,1
2936,生产率,1
2937,穿透,1
2938,定值器,1
2939,中等,1
2940,正交投影,1
2941,喷涂,1
2942,名义,1
2943,防护罩,1
2944,防护系统,1
2945,耐候,1
2946,网际协议,1
2947,传输控制协议,1
2948,伪,1
2949,芯片,1
2950,脉冲功率,1
2951,瞬时功率,1
2952,热喷涂,1
2953,磁控溅射,1
2954,溅射,1
2955,提纯,1
2956,量化,1
2957,热量,1
2958,星绞对,1
2959,六角形,1
2960,拉德,1
2961,辐射仪,1
2962,弧度,1
2963,红外灯,1
2964,辐射器,1
2965,热沉,1
2966,感生,1
2967,放射性核素,1
2968,键槽,1
2969,份额,1
2970,亮度,1
2971,压缩比,1
2972,节径,1
2973,串模,1
2974,峰康,1
2975,宇宙,1
2976,非水,1
2977,全通,1
2978,平方根,1
2979,不漏,1
2980,通断,1
2981,传感,1
2982,失控,1
2983,卤素灯,1
2984,石英,1
2985,低毒性,1
2986,亮,1
2987,暗红,1
2988,板状,1
2989,管状,1
2990,发射区,1
2991,场致,1
2992,自发发射,1
2993,受激发射,1
2994,堆积,1
2995,核乳胶,1
2996,反相,1
2997,同相,1
2998,嵌装,1
2999,安全壳,1
3000,线能,1
3001,比能,1
3002,短,1
3003,衰变产物,1
3004,潜能,1
3005,激活能,1
3006,蜕变,1
3007,结合能,1
3008,核能,1
3009,形纸,1
3010,喷墨,1
3011,笔式,1
3012,光点,1
3013,鼓形,1
3014,打印,1
3015,热式,1
3016,埋,1
3017,封,1
3018,封存,1
3019,双线,1
3020,报警装置,1
3021,割集,1
3022,气流,1
3023,碳氢,1
3024,贯穿,1
3025,集合,1
3026,焓,1
3027,毯,1
3028,包络,1
3029,尘密,1
3030,肩,1
3031,潜水,1
3032,数值,1
3033,特征方程,1
3034,状态方程,1
3035,带电粒子,1
3036,热平衡,1
3037,等势,1
3038,周围,1
3039,个人,1
3040,腐蚀,1
3041,晃动,1
3042,随机误差,1
3043,白斑,1
3044,声明,1
3045,系统误差,1
3046,期望值,1
3047,试运行,1
3048,抗震,1
3049,验收,1
3050,定期,1
3051,样本,1
3052,诊断,1
3053,无损,1
3054,有机,1
3055,酯,1
3056,电池组,1
3057,不导通,1
3058,初始状态,1
3059,导通,1
3060,电火花,1
3061,礼仪,1
3062,烘箱,1
3063,评价,1
3064,评定,1
3065,假设,1
3066,始发,1
3067,频偏,1
3068,量纲,1
3069,公众,1
3070,尾端,1
3071,护罩,1
3072,装配式,1
3073,收缩,1
3074,包式终端,1
3075,装配,1
3076,后面,1
3077,前面,1
3078,逃脱,1
3079,积累,1
3080,换算,1
3081,峰值因数,1
3082,不利,1
3083,形状,1
3084,无限,1
3085,权重,1
3086,占空比,1
3087,每次,1
3088,多版,1
3089,极群,1
3090,系快,1
3091,张力,1
3092,松弛,1
3093,阻燃,1
3094,片材,1
3095,层压板,1
3096,短纤维,1
3097,硫化,1
3098,重复性,1
3099,纱,1
3100,屏蔽线,1
3101,讨论,1
3102,线索,1
3103,铜皮,1
3104,胶片,1
3105,定型,1
3106,自发,1
3107,分散,1
3108,热阴极,1
3109,冷阴极,1
3110,谐振器,1
3111,光生,1
3112,伏,1
3113,打,1
3114,栅元,1
3115,存储单元,1
3116,厘,1
3117,词头,1
3118,核电厂,1
3119,网络信息中心,1
3120,处置,1
3121,对称中心,1
3122,串组,1
3123,储存,1
3124,潜热,1
3125,比热,1
3126,释热,1
3127,气泡室,1
3128,火花室,1
3129,威尔逊,1
3130,径迹,1
3131,流气,1
3132,驻极体,1
3133,内充,1
3134,屏栅,1
3135,指套,1
3136,无壁,1
3137,井型,1
3138,场量,1
3139,温度场,1
3140,建,1
3141,自建场,1
3142,无旋场,1
3143,散场,1
3144,张量,1
3145,向量场,1
3146,底垫,1
3147,改型,1
3148,完全,1
3149,均衡,1
3150,涓流,1
3151,载荷,1
3152,加载,1
3153,充电器,1
3154,框,1
3155,喷流,1
3156,水,1
3157,供暖,1
3158,弥散,1
3159,纵向,1
3160,恒,1
3161,网套,1
3162,托盘,1
3163,履带式,1
3164,数码,1
3165,氯,1
3166,猝发,1
3167,胶泥,1
3168,控制电路,1
3169,闭合电路,1
3170,多片,1
3171,门阵列,1
3172,定制,1
3173,环路,1
3174,石蜡,1
3175,热击穿,1
3176,国家,1
3177,代码,1
3178,推荐,1
3179,吸能,1
3180,吸收系数,1
3181,增长,1
3182,扩散系数,1
3183,传能,1
3184,总比,1
3185,偶然,1
3186,共线,1
3187,集电区,1
3188,自给,1
3189,法兰盘,1
3190,核燃料,1
3191,可控性,1
3192,光圈,1
3193,驱动器,1
3194,步,1
3195,设定,1
3196,计算机控制,1
3197,程序控制,1
3198,电子商务,1
3199,网上,1
3200,社区,1
3201,交换机,1
3202,换向,1
3203,比较仪,1
3204,相容性,1
3205,极零,1
3206,相消,1
3207,胶,1
3208,灌封,1
3209,颗粒,1
3210,需量,1
3211,预付费,1
3212,费率,1
3213,超量,1
3214,室内,1
3215,聚能器,1
3216,集线器,1
3217,最易,1
3218,设计员,1
3219,工况,1
3220,集束,1
3221,热传导,1
3222,构形,1
3223,锥,1
3224,锥体,1
3225,集尘,1
3226,包容,1
3227,封闭式,1
3228,行政,1
3229,职能,1
3230,复制,1
3231,三通,1
3232,组装,1
3233,散热,1
3234,垫,1
3235,伴,1
3236,热板,1
3237,耐受,1
3238,温度控制,1
3239,温控器,1
3240,限温,1
3241,保温层,1
3242,工作频率,1
3243,热阻,1
3244,实测值,1
3245,抖动,1
3246,相应,1
3247,增大,1
3248,不断,1
3249,星,1
3250,累加,1
3251,暂停,1
3252,即时,1
3253,超调,1
3254,电磁兼容,1
3255,量度,1
3256,它,1
3257,模拟式,1
3258,分流,1
3259,变化率,1
3260,伏赫比,1
3261,某一,1
3262,校,1
3263,正值,1
3264,镀锡,1
3265,包覆,1
3266,束合,1
3267,绞,1
3268,成形,1
3269,气载,1
3270,尘埃,1
3271,濳,1
3272,碘,1
3273,蒸发,1
3274,样品,1
3275,氡,1
3276,惰性气体,1
3277,性仪,1
3278,产物,1
3279,容限,1
3280,适度,1
3281,劣化,1
3282,模块化,1
3283,人机接口,1
3284,支持系统,1
3285,广播系统,1
3286,配置管理,1
3287,预警系统,1
3288,支持,1
3289,声响,1
3290,功能性,1
3291,诊断系统,1
3292,坎贝尔,1
3293,控制棒,1
3294,灰棒,1
3295,黑棒,1
3296,工业用,1
3297,辐射量,1
3298,测计,1
3299,物料,1
3300,检测仪,1
3301,持续时间,1
3302,发射光谱,1
3303,光阴,1
3304,汤森,1
3305,边缘效应,1
3306,坪,1
3307,斜,1
3308,电离径迹,1
3309,连续谱,1
3310,磷光,1
3311,假,1
3312,飞行,1
3313,本底,1
3314,建立,1
3315,逃逸,1
3316,实,1
3317,活,1
3318,剥离,1
3319,校对,1
3320,参考点,1
3321,标准偏差,1
3322,表面温度,1
3323,理化,1
3324,现象,1
3325,最强,1
3326,最,1
3327,易传,1
3328,爆,1
3329,闪点,1
3330,云,1
3331,异态,1
3332,自燃,1
3333,沸点,1
3334,液化,1
3335,排液,1
3336,夹紧,1
3337,封堵,1
3338,充,1
3339,砂型,1
3340,增安型,1
3341,浸型,1
3342,安全栅,1
3343,试验装置,1
3344,获证,1
3345,未获,1
3346,证,1
3347,压紧,1
3348,密封圈,1
3349,定额,1
3350,电子仪器,1
3351,许可,1
3352,伽马,1
3353,纯度,1
3354,白色,1
3355,变焦,1
3356,色度,1
3357,样片,1
3358,多波,1
3359,群图,1
3360,方窗,1
3361,透明,1
3362,成像,1
3363,黑斑,1
3364,开花,1
3365,图形,1
3366,杂,1
3367,散光,1
3368,网纹,1
3369,随机噪声,1
3370,受电点,1
3371,限值,1
3372,保护措施,1
3373,外露,1
3374,双重,1
3375,遮栏,1
3376,阻挡,1
3377,心式,1
3378,冷器,1
3379,留剩,1
3380,倍频器,1
3381,热合机,1
3382,转柱,1
3383,转盘,1
3384,刀状,1
3385,干燥机,1
3386,破碎,1
3387,巴氏,1
3388,消毒,1
3389,微波炉,1
3390,进出口,1
3391,器腔门,1
3392,束腰,1
3393,精密,1
3394,轴对称,1
3395,外置,1
3396,多束,1
3397,二极枪,1
3398,反应炉,1
3399,层流,1
3400,湍流,1
3401,喷射,1
3402,平均温度,1
3403,巨,1
3404,发散,1
3405,打孔机,1
3406,切割机,1
3407,腔,1
3408,超声波,1
3409,氮化,1
3410,放,1
3411,指派,1
3412,非专业,1
3413,焊接设备,1
3414,平,1
3415,周期时间,1
3416,伸出,1
3417,耗材,1
3418,氧气,1
3419,刨,1
3420,冷焊,1
3421,手工,1
3422,钳头,1
3423,钳杆,1
3424,螺柱,1
3425,液冷,1
3426,安全装置,1
3427,吸潮,1
3428,吸液,1
3429,促进剂,1
3430,强化,1
3431,调谐,1
3432,可互配,1
3433,蓄热器,1
3434,化成,1
3435,干态,1
3436,批发商,1
3437,酸度,1
3438,行动,1
3439,激活剂,1
3440,添加剂,1
3441,胶粘剂,1
3442,埃尔米,1
3443,网络管理员,1
3444,抗静电,1
3445,硬化剂,1
3446,永磁体,1
3447,反照率,1
3448,线性代数,1
3449,登录,1
3450,极大,1
3451,止退,1
3452,混频器,1
3453,串行,1
3454,存取,1
3455,访问,1
3456,读写,1
3457,即时消息,1
3458,实物,1
3459,量具,1
3460,间接测量,1
3461,差拍,1
3462,互补,1
3463,替代,1
3464,零值,1
3465,单孔,1
3466,割集法,1
3467,计量学,1
3468,厚片,1
3469,塑型,1
3470,粘结,1
3471,柔软,1
3472,微微,1
3473,微电路,1
3474,迁移,1
3475,极小,1
3476,核设施,1
3477,永久,1
3478,关停,1
3479,单点,1
3480,品种,1
3481,改性剂,1
3482,调相,1
3483,摩尔,1
3484,电子货币,1
3485,级联,1
3486,串并联,1
3487,前,1
3488,推理机,1
3489,浸润性,1
3490,能隙,1
3491,能带,1
3492,占据,1
3493,允带,1
3494,禁带,1
3495,满带,1
3496,空带,1
3497,过剩,1
3498,陷阱,1
3499,肖特基,1
3500,缓变结,1
3501,合金结,1
3502,压阻,1
3503,处理工艺,1
3504,夷平,1
3505,分立,1
3506,变容,1
3507,混频,1
3508,倍频,1
3509,检波,1
3510,温差,1
3511,乘法器,1
3512,科尔,1
3513,比诺,1
3514,光敏电阻,1
3515,逆导二极,1
3516,逆导,1
3517,栅闸流,1
3518,穿通,1
3519,有效温度,1
3520,结温,1
3521,热容,1
3522,阈值电压,1
3523,反向恢复,1
3524,晶片,1
3525,封装,1
3526,寄生,1
3527,投影,1
3528,发射结,1
3529,集电结,1
3530,基区,1
3531,源区,1
3532,漏区,1
3533,栅区,1
3534,增强,1
3535,特征频率,1
3536,闸流管,1
3537,转折点,1
3538,戽,1
3539,宏单元,1
3540,承受,1
3541,拉,1
3542,脱力,1
3543,零部件,1
3544,及其,1
3545,接电,1
3546,接触压力,1
3547,卸,1
3548,出力,1
3549,锁紧,1
3550,柱,1
3551,柔性,1
3552,拆卸,1
3553,闭式,1
3554,全长,1
3555,压齿,1
3556,灌封卸出,1
3557,退绕,1
3558,压接模,1
3559,卸除,1
3560,插箱,1
3561,柜门,1
3562,交变,1
3563,紧压,1
3564,扇形,1
3565,分割,1
3566,凝剂,1
3567,火花放电,1
3568,安安,1
3569,时计,1
3570,网络分析,1
3571,顶空,1
3572,分析法,1
3573,碳型,1
3574,任务分析,1
3575,功能分析,1
3576,频谱,1
3577,多道,1
3578,夹角,1
3579,阻抗角,1
3580,立体角,1
3581,保护环,1
3582,抗氧化剂,1
3583,反粒子,1
3584,单功能,1
3585,固定式,1
3586,便携式,1
3587,指针式,1
3588,动磁系,1
3589,影条式,1
3590,光标,1
3591,振簧系,1
3592,偶式,1
3593,压缩,1
3594,家用电器,1
3595,铁磁,1
3596,总和,1
3597,贫化,1
3598,调用,1
3599,重启,1
3600,水树化,1
3601,电树化,1
3602,水树,1
3603,电树,1
3604,棱角,1
3605,辐角,1
3606,端部装,1
3607,配件,1
3608,热停,1
3609,冷停,1
3610,误停,1
3611,考虑,1
3612,项,1
3613,文章,1
3614,氯代,1
3615,联苯,1
3616,外观,1
3617,球窝,1
3618,成缆,1
3619,助手,1
3620,氮基,1
3621,氮,1
3622,氢,1
3623,吸热,1
3624,放热,1
3625,惰性,1
3626,还原,1
3627,玻尔,1
3628,审计,1
3629,自放电,1
3630,自动机,1
3631,程序逻辑,1
3632,注册机构,1
3633,命名,1
3634,超前,1
3635,对称轴,1
3636,公告,1
3637,凸室,1
3638,导带,1
3639,价带,1
3640,杆状,1
3641,细棒,1
3642,屏障,1
3643,基,1
3644,铁镍,1
3645,氢化物,1
3646,湿式,1
3647,替换,1
3648,不带,1
3649,液非,1
3650,控式,1
3651,充态,1
3652,锂离子,1
3653,免,1
3654,缓冲,1
3655,贝可摇架,1
3656,副,1
3657,防护物,1
3658,群组,1
3659,功能块,1
3660,电缆线,1
3661,致密,1
3662,木,1
3663,分线盒,1
3664,终端盒,1
3665,表壳,1
3666,轰炸,1
3667,端塞,1
3668,油泥,1
3669,爆发,1
3670,球,1
3671,填充物,1
3672,熔池,1
3673,股线,1
3674,本底辐射,1
3675,反极,1
3676,保存,1
3677,异位,1
3678,析,1
3679,气性,1
3680,充入,1
3681,已用,1
3682,绝缘材料,1
3683,盘形,1
3684,悬式,1
3685,长棒形,1
3686,蝶式,1
3687,耐污型,1
3688,柱式,1
3689,滴流,1
3690,挤包,1
3691,热固性,1
3692,热塑性,1
3693,隔断,1
3694,配套,1
3695,直通,1
3696,塞止,1
3697,注射,1
3698,卷绕,1
3699,模制,1
3700,包式,1
3701,千克,1
3702,实验室,1
3703,乳胶,1
3704,光致,1
3705,新闻,1
3706,阅读器,1
3707,程,1
3708,架空,1
3709,场线,1
3710,电比距,1
3711,终点线,1
3712,延迟线,1
3713,限制器,1
3714,硅油,1
3715,集总,1
3716,浏览器,1
3717,索末菲,1
3718,律,1
3719,德拜,1
3720,断裂,1
3721,电子杂志,1
3722,磁强计,1
3723,连支,1
3724,手工操作,1
3725,蚀刻,1
3726,斑痕,1
3727,毡,1
3728,垫层,1
3729,封口,1
3730,放射性物质,1
3731,固定设备,1
3732,不易,1
3733,水胶,1
3734,散射矩阵,1
3735,方阵,1
3736,向,1
3737,分组,1
3738,嗅探器,1
3739,中继器,1
3740,混叠,1
3741,脉冲响应,1
3742,复现,1
3743,精制,1
3744,计算机网络,1
3745,栅格,1
3746,双形,1
3747,梯形,1
3748,镜像,1
3749,广域网,1
3750,无线,1
3751,城域网,1
3752,全域,1
3753,专用网,1
3754,孤立,1
3755,末端,1
3756,组网,1
3757,滴浸,1
3758,四端,1
3759,跨线,1
3760,表观,1
3761,表面电阻,1
3762,协调,1
3763,相位滞后,1
3764,地回,1
3765,后处理,1
3766,背散射,1
3767,伞套,1
3768,敷形,1
3769,涂料,1
3770,内衬,1
3771,流化床,1
3772,伦琴,1
3773,声,1
3774,旋度,1
3775,压敏,1
3776,带状,1
3777,水带,1
3778,订阅,1
3779,宏观,1
3780,大段,1
3781,化合物,1
3782,非本征,1
3783,绞向,1
3784,网络管理,1
3785,视频,1
3786,希,1
3787,使能,1
3788,正负号,1
3789,模拟器,1
3790,网站,1
3791,表底,1
3792,炉底,1
3793,螺线管,1
3794,锭,1
3795,凝固,1
3796,腐蚀性,1
3797,硫,1
3798,受控,1
3799,子集,1
3800,门类,1
3801,分数,1
3802,欠热,1
3803,子网,1
3804,垃圾邮件,1
3805,能谱,1
3806,质谱仪,1
3807,稳定剂,1
3808,稳谱器,1
3809,渐近,1
3810,热稳定性,1
3811,长寿命,1
3812,制品,1
3813,粗纱,1
3814,链状,1
3815,分散控制,1
3816,构造,1
3817,浸没,1
3818,跟帖,1
3819,底材,1
3820,基材,1
3821,图表,1
3822,升降,1
3823,物体,1
3824,柱面,1
3825,波前,1
3826,等温,1
3827,面密度,1
3828,冲浪,1
3829,容纳,1
3830,感纳,1
3831,克,1
3832,罗内克,1
3833,多用表,1
3834,倍增器,1
3835,端网络,1
3836,端的,1
3837,量类,1
3838,心中,1
3839,中微子,1
3840,超镉,1
3841,慢中子,1
3842,置信度,1
3843,层次,1
3844,清洁,1
3845,解控,1
3846,拉紧,1
3847,域名,1
3848,名称,1
3849,专门,1
3850,事物,1
3851,色数,1
3852,自然数,1
3853,整数,1
3854,自旋,1
3855,角动量,1
3856,轨道,1
3857,有理数,1
3858,耗能,1
3859,芯体,1
3860,原子序数,1
3861,观测,1
3862,拉环,1
3863,绕射波,1
3864,前向波,1
3865,入射波,1
3866,纵波,1
3867,平面波,1
3868,折射波,1
3869,后向波,1
3870,驻波,1
3871,横波,1
3872,波纹,1
3873,逆变器,1
3874,纳,1
3875,布拉,1
3876,布尔运算,1
3877,存贮,1
3878,漏缝,1
3879,阻尼振荡,1
3880,张弛,1
3881,强迫振荡,1
3882,自由振荡,1
3883,取样,1
3884,主页,1
3885,白页,1
3886,料筐,1
3887,积极,1
3888,消极,1
3889,板纸,1
3890,纤维素,1
3891,绉纹,1
3892,棉纸,1
3893,防脂纸,1
3894,日本,1
3895,薄纸,1
3896,含胶,1
3897,防火墙,1
3898,基本粒子,1
3899,虚部,1
3900,实部,1
3901,节距,1
3902,宿主机,1
3903,堡垒,1
3904,主机,1
3905,钝化剂,1
3906,透水性,1
3907,渗滤,1
3908,电穿孔,1
3909,诱导,1
3910,半衰期,1
3911,外围设备,1
3912,磁导计,1
3913,漏磁导,1
3914,互磁导,1
3915,自磁导,1
3916,受过,1
3917,培训,1
3918,熟练,1
3919,弱相,1
3920,强相,1
3921,金,1
3922,物理学,1
3923,皮,1
3924,燃料电池,1
3925,浆糊,1
3926,氧化铜,1
3927,氧化银,1
3928,氯化锌,1
3929,亚硫酰氯,1
3930,二硫化铁,1
3931,一,1
3932,氟化,1
3933,韦斯顿,1
3934,标准电池,1
3935,勒,1
3936,克朗,1
3937,谢,1
3938,干电池,1
3939,原电池,1
3940,微调,1
3941,张线,1
3942,悬挂,1
3943,夹头,1
3944,座,1
3945,袋式,1
3946,底板,1
3947,涂膏式,1
3948,富尔,1
3949,烧结,1
3950,负极板,1
3951,增塑剂,1
3952,泡沫塑料,1
3953,热收缩,1
3954,料盘,1
3955,接入点,1
3956,倾点,1
3957,苯胺点,1
3958,凝结,1
3959,燃点,1
3960,软化,1
3961,露点,1
3962,相加,1
3963,浊点,1
3964,阴极极化,1
3965,浓差,1
3966,磁极,1
3967,多氯,1
3968,代苯,1
3969,多氯联苯,1
3970,树枝,1
3971,猎振,1
3972,桥接器,1
3973,汤姆逊,1
3974,惠,1
3975,斯登,1
3976,便携,1
3977,腔门,1
3978,出渣,1
3979,正电子,1
3980,常见问题,1
3981,平稳,1
3982,个,1
3983,自变量,1
3984,关,1
3985,泛函,1
3986,单次,1
3987,从动,1
3988,半自动,1
3989,拔出,1
3990,双线性,1
3991,格林,1
3992,第二,1
3993,公式,1
3994,浴炉,1
3995,传送带,1
3996,多室,1
3997,罩式,1
3998,升降式,1
3999,热容量,1
4000,双室,1
4001,抬升,1
4002,推出,1
4003,流态,1
4004,步进式,1
4005,马弗炉,1
4006,斜底,1
4007,舀出,1
4008,辊,1
4009,底式,1
4010,底开,1
4011,槽式,1
4012,滑底,1
4013,车式炉,1
4014,转底,1
4015,筒式,1
4016,车底,1
4017,浇注,1
4018,间歇式,1
4019,卧式,1
4020,多区,1
4021,摆动,1
4022,推送,1
4023,热壁,1
4024,冷壁,1
4025,牵引式,1
4026,立式,1
4027,供应商,1
4028,应用服务,1
4029,碎片,1
4030,转折,1
4031,拍频,1
4032,频率计,1
4033,容许,1
4034,核聚变,1
4035,悬浮,1
4036,圆管,1
4037,筒体,1
4038,皱纹,1
4039,弦线,1
4040,细调,1
4041,电负性,1
4042,游离,1
4043,胶凝,1
4044,蒸汽,1
4045,温度梯度,1
4046,梯度,1
4047,标志,1
4048,导出,1
4049,广延量,1
4050,强度量,1
4051,序量,1
4052,状态图,1
4053,平面图,1
4054,戈,1
4055,能群,1
4056,聊天,1
4057,设备组,1
4058,指南,1
4059,托管,1
4060,加氢,1
4061,环烷烃,1
4062,石腊烃,1
4063,聚烯烃,1
4064,芳香烃,1
4065,超子,1
4066,回差,1
4067,率表,1
4068,恒等,1
4069,厂用电,1
4070,输出阻抗,1
4071,累接,1
4072,未激活,1
4073,预计,1
4074,时变,1
4075,标示,1
4076,折射率,1
4077,相比,1
4078,皂化,1
4079,耐电,1
4080,痕化,1
4081,平滑,1
4082,单匝,1
4083,缝式,1
4084,回形,1
4085,抑制剂,1
4086,注入,1
4087,调查,1
4088,干涉,1
4089,网际,1
4090,半差,1
4091,区间,1
4092,干预,1
4093,管槽,1
4094,梯架,1
4095,其他,1
4096,配电盘,1
4097,热能,1
4098,热辐射,1
4099,特征值,1
4100,熔盐,1
4101,倾炉,1
4102,送料,1
4103,坩埚钢,1
4104,炉子,1
4105,石墨,1
4106,螺线,1
4107,发针,1
4108,棒状,1
4109,耙,1
4110,长波,1
4111,中波,1
4112,短波,1
4113,解热,1
4114,分解,1
4115,摇架,1
4116,氧,1
4117,提升,1
4118,旋开,1
4119,自焙,1
4120,挠性,1
4121,趋肤效应,1
4122,邻近,1
4123,铸造,1
4124,箍,1
4125,缩,1
4126,轫致辐射,1
4127,电离辐射,1
4128,单能,1
4129,核辐射,1
4130,原,1
4131,流化,1
4132,移堆,1
4133,双循环,1
4134,沸水,1
4135,压水堆,1
4136,铀,1
4137,钚,1
4138,研究,1
4139,抗性,1
4140,散裂,1
4141,化学反应,1
4142,链式,1
4143,副反应,1
4144,再生,1
4145,终止,1
4146,集中控制,1
4147,串级,1
4148,交替,1
4149,模态,1
4150,多位,1
4151,最优控制,1
4152,分程,1
4153,鲁棒控制,1
4154,场地,1
4155,二元关系,1
4156,等价关系,1
4157,序,1
4158,记,1
4159,日志,1
4160,雷姆,1
4161,回填,1
4162,渗,1
4163,螺杆,1
4164,编码,1
4165,组织部门,1
4166,约束,1
4167,统包,1
4168,压气,1
4169,自容式,1
4170,防扭,1
4171,爆破,1
4172,扁,1
4173,多芯,1
4174,承力索,1
4175,分相,1
4176,铅套,1
4177,光缆,1
4178,膜态,1
4179,沸腾,1
4180,束流,1
4181,三元,1
4182,端帽,1
4183,轨道电子,1
4184,供电站,1
4185,恒定电流,1
4186,包皮,1
4187,标定,1
4188,总中压,1
4189,变压,1
4190,控制柜,1
4191,箱盒,1
4192,闸盒,1
4193,同轴电缆,1
4194,中继,1
4195,橡皮,1
4196,双断,1
4197,芯线,1
4198,架线,1
4199,桥架,1
4200,拉绳,1
4201,电流计,1
4202,使,1
4203,按钮开关,1
4204,盒式,1
4205,安培,1
4206,推式,1
4207,按板,1
4208,毫安,1
4209,千伏,1
4210,千瓦小时,1
4211,套套,1
4212,卡子,1
4213,鼻子,1
4214,管套,1
4215,热缩,1
4216,穿线,1
4217,弓形,1
4218,尼龙,1
4219,螺母,1
4220,扭距,1
4221,分配器,1
4222,断电,1
4223,配有,1
4224,组合柜,1
4225,牌箱,1
4226,运作,1
4227,在,1
4228,说明书,1
4229,有电,1
4230,附,1
4231,器材,1
4232,牌,1
4233,区段,1
4234,乳白色,1
4235,非正常,1
4236,情况,1
4237,排除,1
4238,领航,1
4239,抗老化,1
4240,跑道,1
4241,标,1
4242,螺口,1
4243,监,1
4244,相器,1
4245,泡,1
4246,灯光,1
4247,射灯,1
4248,航空,1
4249,灯标,1
4250,感器,1
4251,灯管,1
4252,镇流管,1
4253,顶灯,1
4254,吸顶灯,1
4255,枝形,1
4256,格栅灯,1
4257,应急灯,1
4258,枢纽,1
4259,有人,1
4260,无人,1
4261,主控,1
4262,敞开式,1
4263,联相,1
4264,混相,1
4265,高型,1
4266,半高型,1
4267,中型,1
4268,构架,1
4269,一个半,1
4270,三分,1
4271,之四,1
4272,多角形,1
4273,无载,1
4274,地净,1
4275,距,1
4276,泄,1
4277,油池,1
4278,小室,1
4279,厂用,1
4280,壳式,1
4281,芯式,1
4282,初级,1
4283,次级绕组,1
4284,公共,1
4285,分级,1
4286,循环水,1
4287,水冷却,1
4288,主分接,1
4289,斯柯特,1
4290,组别,1
4291,油气,1
4292,消弧,1
4293,箔,1
4294,金属化,1
4295,投切,1
4296,落地,1
4297,压缩空气,1
4298,产气,1
4299,少油,1
4300,多油,1
4301,磁吹,1
4302,双柱式,1
4303,三柱,1
4304,旋转式,1
4305,双臂,1
4306,V,1
4307,破冰,1
4308,通用,1
4309,充气式,1
4310,混合式,1
4311,集聚,1
4312,弧后,1
4313,截断,1
4314,零区,1
4315,复燃,1
4316,接触区,1
4317,开距,1
4318,纵吹,1
4319,横吹,1
4320,纵横,1
4321,外能,1
4322,液压,1
4323,力操动,1
4324,跳跃,1
4325,首开,1
4326,含水量,1
4327,漏气,1
4328,显示装置,1
4329,延弧,1
4330,大半,1
4331,四,1
4332,燃弧,1
4333,时差,1
4334,耦式,1
4335,组合式,1
4336,电子式,1
4337,总加,1
4338,变流,1
4339,准确,1
4340,分压器,1
4341,分压,1
4342,阀片,1
4343,脱离,1
4344,残压,1
4345,阻波器,1
